video_id,video_name,frame_index,fps,avg_brightness,avg_ir
1,IMG_9333.MOV,0,29.205246913580247,141.44076822916668,37
1,IMG_9333.MOV,1,29.205246913580247,141.35217110339505,34
1,IMG_9333.MOV,2,29.205246913580247,141.3680787037037,30
1,IMG_9333.MOV,3,29.205246913580247,141.3257817322531,30
1,IMG_9333.MOV,4,29.205246913580247,141.10860725308643,39
1,IMG_9333.MOV,5,29.205246913580247,141.1073427854938,22
1,IMG_9333.MOV,6,29.205246913580247,141.0354263117284,35
1,IMG_9333.MOV,7,29.205246913580247,141.0084239969136,25
1,IMG_9333.MOV,8,29.205246913580247,140.9652946566358,22
1,IMG_9333.MOV,9,29.205246913580247,141.01014033564815,32
1,IMG_9333.MOV,10,29.205246913580247,141.24288917824074,41
1,IMG_9333.MOV,11,29.205246913580247,140.9482166280864,36
1,IMG_9333.MOV,12,29.205246913580247,140.5856389853395,36
1,IMG_9333.MOV,13,29.205246913580247,140.62155478395061,36
1,IMG_9333.MOV,14,29.205246913580247,140.79984278549384,37
1,IMG_9333.MOV,15,29.205246913580247,140.79047453703703,31
1,IMG_9333.MOV,16,29.205246913580247,140.74524305555556,23
1,IMG_9333.MOV,17,29.205246913580247,140.89289255401235,38
1,IMG_9333.MOV,18,29.205246913580247,141.00652922453705,30
1,IMG_9333.MOV,19,29.205246913580247,141.19368489583334,31
1,IMG_9333.MOV,20,29.205246913580247,141.1380999228395,28
1,IMG_9333.MOV,21,29.205246913580247,141.8337287808642,24
1,IMG_9333.MOV,22,29.205246913580247,141.70718701774692,40
1,IMG_9333.MOV,23,29.205246913580247,141.32296826774692,37
1,IMG_9333.MOV,24,29.205246913580247,141.6521701388889,34
1,IMG_9333.MOV,25,29.205246913580247,141.46939525462963,29
1,IMG_9333.MOV,26,29.205246913580247,142.05074363425925,38
1,IMG_9333.MOV,27,29.205246913580247,142.37350597993827,32
1,IMG_9333.MOV,28,29.205246913580247,142.90666473765432,30
1,IMG_9333.MOV,29,29.205246913580247,143.6975106095679,30
1,IMG_9333.MOV,30,29.205246913580247,145.52618634259258,25
1,IMG_9333.MOV,31,29.205246913580247,147.53216917438272,22
1,IMG_9333.MOV,32,29.205246913580247,147.46198736496913,32
1,IMG_9333.MOV,33,29.205246913580247,143.77977719907406,39
1,IMG_9333.MOV,34,29.205246913580247,140.1747583912037,22
1,IMG_9333.MOV,35,29.205246913580247,137.53444106867283,39
1,IMG_9333.MOV,36,29.205246913580247,135.76520543981482,38
1,IMG_9333.MOV,37,29.205246913580247,134.32142698688273,26
1,IMG_9333.MOV,38,29.205246913580247,132.5525178433642,34
1,IMG_9333.MOV,39,29.205246913580247,131.09006606867283,24
1,IMG_9333.MOV,40,29.205246913580247,130.3555039544753,36
1,IMG_9333.MOV,41,29.205246913580247,130.2510271990741,35
1,IMG_9333.MOV,42,29.205246913580247,130.44743489583334,28
1,IMG_9333.MOV,43,29.205246913580247,130.4132421875,22
1,IMG_9333.MOV,44,29.205246913580247,129.97140480324074,41
1,IMG_9333.MOV,45,29.205246913580247,129.97239486882717,30
1,IMG_9333.MOV,46,29.205246913580247,129.64107783564816,39
1,IMG_9333.MOV,47,29.205246913580247,129.57030671296297,35
1,IMG_9333.MOV,48,29.205246913580247,128.96202353395063,37
1,IMG_9333.MOV,49,29.205246913580247,128.33654224537037,36
1,IMG_9333.MOV,50,29.205246913580247,127.84572916666667,25
1,IMG_9333.MOV,51,29.205246913580247,126.4782282021605,28
1,IMG_9333.MOV,52,29.205246913580247,125.86720775462963,30
1,IMG_9333.MOV,53,29.205246913580247,125.36271894290124,31
1,IMG_9333.MOV,54,29.205246913580247,125.05531539351851,21
1,IMG_9333.MOV,55,29.205246913580247,125.0131606867284,32
1,IMG_9333.MOV,56,29.205246913580247,124.71153356481481,24
1,IMG_9333.MOV,57,29.205246913580247,124.1243180941358,36
1,IMG_9333.MOV,58,29.205246913580247,124.27863474151235,35
1,IMG_9333.MOV,59,29.205246913580247,125.12094618055555,40
1,IMG_9333.MOV,60,29.205246913580247,124.68973090277778,36
1,IMG_9333.MOV,61,29.205246913580247,127.06161651234568,28
1,IMG_9333.MOV,62,29.205246913580247,128.23824556327162,41
1,IMG_9333.MOV,63,29.205246913580247,129.18549430941357,29
1,IMG_9333.MOV,64,29.205246913580247,130.1346026234568,27
1,IMG_9333.MOV,65,29.205246913580247,130.48904851466048,40
1,IMG_9333.MOV,66,29.205246913580247,130.02255497685186,28
1,IMG_9333.MOV,67,29.205246913580247,130.74194444444444,22
1,IMG_9333.MOV,68,29.205246913580247,133.98340036651234,30
1,IMG_9333.MOV,69,29.205246913580247,135.4389409722222,37
1,IMG_9333.MOV,70,29.205246913580247,136.57220389660495,24
1,IMG_9333.MOV,71,29.205246913580247,137.27722945601852,30
1,IMG_9333.MOV,72,29.205246913580247,137.8784018132716,23
1,IMG_9333.MOV,73,29.205246913580247,138.12068721064816,35
1,IMG_9333.MOV,74,29.205246913580247,137.7954147376543,30
1,IMG_9333.MOV,75,29.205246913580247,138.4086612654321,27
1,IMG_9333.MOV,76,29.205246913580247,139.0247834683642,25
1,IMG_9333.MOV,77,29.205246913580247,138.59231626157407,32
1,IMG_9333.MOV,78,29.205246913580247,135.57041377314815,35
1,IMG_9333.MOV,79,29.205246913580247,134.08281298225307,40
1,IMG_9333.MOV,80,29.205246913580247,132.9348008294753,30
1,IMG_9333.MOV,81,29.205246913580247,130.86329137731482,24
1,IMG_9333.MOV,82,29.205246913580247,130.08308352623456,38
1,IMG_9333.MOV,83,29.205246913580247,129.49595003858025,34
1,IMG_9333.MOV,84,29.205246913580247,129.30896460262346,35
1,IMG_9333.MOV,85,29.205246913580247,127.27716531635802,23
1,IMG_9333.MOV,86,29.205246913580247,127.36001929012346,27
1,IMG_9333.MOV,87,29.205246913580247,126.77620949074074,37
1,IMG_9333.MOV,88,29.205246913580247,126.37326774691358,38
1,IMG_9333.MOV,89,29.205246913580247,126.41630545910493,30
1,IMG_9333.MOV,90,29.205246913580247,127.74280623070987,37
1,IMG_9333.MOV,91,29.205246913580247,128.6488705632716,38
1,IMG_9333.MOV,92,29.205246913580247,129.6982204861111,29
1,IMG_9333.MOV,93,29.205246913580247,130.62958236882716,39
1,IMG_9333.MOV,94,29.205246913580247,131.7628833912037,27
1,IMG_9333.MOV,95,29.205246913580247,132.53906780478394,26
1,IMG_9333.MOV,96,29.205246913580247,133.54922501929013,35
1,IMG_9333.MOV,97,29.205246913580247,134.16590277777777,34
1,IMG_9333.MOV,98,29.205246913580247,135.38628665123457,23
1,IMG_9333.MOV,99,29.205246913580247,136.57505883487653,38
1,IMG_9333.MOV,100,29.205246913580247,137.01237702546297,25
1,IMG_9333.MOV,101,29.205246913580247,137.77275270061727,37
1,IMG_9333.MOV,102,29.205246913580247,138.95328944830246,21
1,IMG_9333.MOV,103,29.205246913580247,139.3984910300926,37
1,IMG_9333.MOV,104,29.205246913580247,139.8514945023148,37
1,IMG_9333.MOV,105,29.205246913580247,140.13175250771604,37
1,IMG_9333.MOV,106,29.205246913580247,140.39545958719137,34
1,IMG_9333.MOV,107,29.205246913580247,140.58595437885802,30
1,IMG_9333.MOV,108,29.205246913580247,140.89434413580247,35
1,IMG_9333.MOV,109,29.205246913580247,141.134609375,26
1,IMG_9333.MOV,110,29.205246913580247,141.51684268904322,37
1,IMG_9333.MOV,111,29.205246913580247,141.84178867669752,32
1,IMG_9333.MOV,112,29.205246913580247,142.03827015817902,30
1,IMG_9333.MOV,113,29.205246913580247,142.1748683449074,31
1,IMG_9333.MOV,114,29.205246913580247,142.60244839891976,32
1,IMG_9333.MOV,115,29.205246913580247,142.9431780478395,21
1,IMG_9333.MOV,116,29.205246913580247,143.1966512345679,23
1,IMG_9333.MOV,117,29.205246913580247,143.24974585262345,26
1,IMG_9333.MOV,118,29.205246913580247,143.43903694058642,23
1,IMG_9333.MOV,119,29.205246913580247,143.69967062114196,30
1,IMG_9333.MOV,120,29.205246913580247,144.41601128472223,35
1,IMG_9333.MOV,121,29.205246913580247,144.83926167052468,34
1,IMG_9333.MOV,122,29.205246913580247,145.08802758487656,30
1,IMG_9333.MOV,123,29.205246913580247,145.22228443287037,38
1,IMG_9333.MOV,124,29.205246913580247,145.84651523919754,32
1,IMG_9333.MOV,125,29.205246913580247,145.89187644675926,22
1,IMG_9333.MOV,126,29.205246913580247,146.24864824459877,37
1,IMG_9333.MOV,127,29.205246913580247,146.9311902006173,33
1,IMG_9333.MOV,128,29.205246913580247,147.7401803626543,34
1,IMG_9333.MOV,129,29.205246913580247,148.0399676890432,32
1,IMG_9333.MOV,130,29.205246913580247,149.4139993248457,32
1,IMG_9333.MOV,131,29.205246913580247,149.6205965470679,22
1,IMG_9333.MOV,132,29.205246913580247,149.49598138503086,32
1,IMG_9333.MOV,133,29.205246913580247,149.42733072916667,37
1,IMG_9333.MOV,134,29.205246913580247,149.28634886188271,27
1,IMG_9333.MOV,135,29.205246913580247,148.8411250964506,33
1,IMG_9333.MOV,136,29.205246913580247,148.73962528935186,21
1,IMG_9333.MOV,137,29.205246913580247,149.3386144868827,28
1,IMG_9333.MOV,138,29.205246913580247,149.17750241126544,30
1,IMG_9333.MOV,139,29.205246913580247,148.2314197530864,41
1,IMG_9333.MOV,140,29.205246913580247,147.61147762345678,25
1,IMG_9333.MOV,141,29.205246913580247,147.5355290316358,26
1,IMG_9333.MOV,142,29.205246913580247,146.8911289544753,29
1,IMG_9333.MOV,143,29.205246913580247,147.2588493441358,41
1,IMG_9333.MOV,144,29.205246913580247,147.78849488811727,38
1,IMG_9333.MOV,145,29.205246913580247,147.7512471064815,21
1,IMG_9333.MOV,146,29.205246913580247,149.10433690200617,25
1,IMG_9333.MOV,147,29.205246913580247,148.42989101080246,38
1,IMG_9333.MOV,148,29.205246913580247,150.09591435185186,22
1,IMG_9333.MOV,149,29.205246913580247,150.68743007330247,38
1,IMG_9333.MOV,150,29.205246913580247,150.47843701774693,26
1,IMG_9333.MOV,151,29.205246913580247,151.5807605131173,40
1,IMG_9333.MOV,152,29.205246913580247,151.67014660493828,27
1,IMG_9333.MOV,153,29.205246913580247,151.54809702932099,30
1,IMG_9333.MOV,154,29.205246913580247,151.98534191743826,34
1,IMG_9333.MOV,155,29.205246913580247,152.10353925540124,23
1,IMG_9333.MOV,156,29.205246913580247,152.2994883294753,32
1,IMG_9333.MOV,157,29.205246913580247,152.7582600308642,31
1,IMG_9333.MOV,158,29.205246913580247,152.72707368827162,37
1,IMG_9333.MOV,159,29.205246913580247,152.37338204089505,41
1,IMG_9333.MOV,160,29.205246913580247,151.9012852044753,34
1,IMG_9333.MOV,161,29.205246913580247,151.03495804398148,29
1,IMG_9333.MOV,162,29.205246913580247,149.09642505787036,29
1,IMG_9333.MOV,163,29.205246913580247,147.8184510030864,29
1,IMG_9333.MOV,164,29.205246913580247,146.5637577160494,38
1,IMG_9333.MOV,165,29.205246913580247,146.333046875,27
1,IMG_9333.MOV,166,29.205246913580247,145.31994839891976,24
1,IMG_9333.MOV,167,29.205246913580247,144.34168836805554,28
1,IMG_9333.MOV,168,29.205246913580247,143.9695384837963,21
1,IMG_9333.MOV,169,29.205246913580247,143.43867717978395,23
1,IMG_9333.MOV,170,29.205246913580247,143.17352816358024,22
1,IMG_9333.MOV,171,29.205246913580247,143.35908805941358,37
1,IMG_9333.MOV,172,29.205246913580247,143.98480034722223,36
1,IMG_9333.MOV,173,29.205246913580247,144.89117332175925,35
1,IMG_9333.MOV,174,29.205246913580247,145.4671301118827,30
1,IMG_9333.MOV,175,29.205246913580247,144.7226953125,36
1,IMG_9333.MOV,176,29.205246913580247,144.42237509645062,24
1,IMG_9333.MOV,177,29.205246913580247,145.28965711805554,39
1,IMG_9333.MOV,178,29.205246913580247,146.3824175347222,31
1,IMG_9333.MOV,179,29.205246913580247,148.2487292631173,40
1,IMG_9333.MOV,180,29.205246913580247,149.38332320601853,24
1,IMG_9333.MOV,181,29.205246913580247,150.26322627314815,31
1,IMG_9333.MOV,182,29.205246913580247,150.49591290509258,35
1,IMG_9333.MOV,183,29.205246913580247,151.0322159529321,31
1,IMG_9333.MOV,184,29.205246913580247,149.15743827160495,30
1,IMG_9333.MOV,185,29.205246913580247,152.33070601851853,24
1,IMG_9333.MOV,186,29.205246913580247,152.78730661651235,29
1,IMG_9333.MOV,187,29.205246913580247,151.0682817322531,26
1,IMG_9333.MOV,188,29.205246913580247,150.53741608796295,27
1,IMG_9333.MOV,189,29.205246913580247,148.11839023919754,35
1,IMG_9333.MOV,190,29.205246913580247,143.85487316743829,34
1,IMG_9333.MOV,191,29.205246913580247,140.11245997299383,33
1,IMG_9333.MOV,192,29.205246913580247,135.06391927083334,28
1,IMG_9333.MOV,193,29.205246913580247,132.24540653935185,41
1,IMG_9333.MOV,194,29.205246913580247,129.64023919753086,22
1,IMG_9333.MOV,195,29.205246913580247,128.40581838348766,28
1,IMG_9333.MOV,196,29.205246913580247,131.76058738425925,23
1,IMG_9333.MOV,197,29.205246913580247,134.5777411265432,28
1,IMG_9333.MOV,198,29.205246913580247,134.1249402006173,41
1,IMG_9333.MOV,199,29.205246913580247,134.16152826003088,28
1,IMG_9333.MOV,200,29.205246913580247,134.29403983410495,40
1,IMG_9333.MOV,201,29.205246913580247,133.8016695601852,31
1,IMG_9333.MOV,202,29.205246913580247,132.71081066743827,35
1,IMG_9333.MOV,203,29.205246913580247,132.34005835262346,30
1,IMG_9333.MOV,204,29.205246913580247,132.06636429398148,26
1,IMG_9333.MOV,205,29.205246913580247,132.53372299382715,37
1,IMG_9333.MOV,206,29.205246913580247,132.83217881944444,41
1,IMG_9333.MOV,207,29.205246913580247,134.53761477623456,26
1,IMG_9333.MOV,208,29.205246913580247,136.97611593364198,37
1,IMG_9333.MOV,209,29.205246913580247,138.50322675540124,26
1,IMG_9333.MOV,210,29.205246913580247,136.3014453125,36
1,IMG_9333.MOV,211,29.205246913580247,138.37315200617283,37
1,IMG_9333.MOV,212,29.205246913580247,138.46246190200617,30
1,IMG_9333.MOV,213,29.205246913580247,135.77231674382716,36
1,IMG_9333.MOV,214,29.205246913580247,132.42628809799382,26
1,IMG_9333.MOV,215,29.205246913580247,134.1537784529321,22
1,IMG_9333.MOV,216,29.205246913580247,136.72217447916665,23
1,IMG_9333.MOV,217,29.205246913580247,139.66869646990742,30
1,IMG_9333.MOV,218,29.205246913580247,141.8530227623457,39
1,IMG_9333.MOV,219,29.205246913580247,146.3457537615741,23
1,IMG_9333.MOV,220,29.205246913580247,143.44267891589507,30
1,IMG_9333.MOV,221,29.205246913580247,144.4335725308642,35
1,IMG_9333.MOV,222,29.205246913580247,143.81102478780863,25
1,IMG_9333.MOV,223,29.205246913580247,143.23880979938272,36
1,IMG_9333.MOV,224,29.205246913580247,142.8982417052469,27
1,IMG_9333.MOV,225,29.205246913580247,142.834112654321,37
1,IMG_9333.MOV,226,29.205246913580247,142.95329619984568,33
1,IMG_9333.MOV,227,29.205246913580247,144.13280671296297,32
1,IMG_9333.MOV,228,29.205246913580247,142.54703125,24
1,IMG_9333.MOV,229,29.205246913580247,137.74442756558642,30
1,IMG_9333.MOV,230,29.205246913580247,130.5640596064815,38
1,IMG_9333.MOV,231,29.205246913580247,119.77088204089506,21
1,IMG_9333.MOV,232,29.205246913580247,96.14241657021606,36
1,IMG_9333.MOV,233,29.205246913580247,67.17726080246914,31
1,IMG_9333.MOV,234,29.205246913580247,18.816843171296295,36
1,IMG_9333.MOV,235,29.205246913580247,1.2281611689814815,34
1,IMG_9333.MOV,236,29.205246913580247,3.319666763117284,30
1,IMG_9333.MOV,237,29.205246913580247,9.374151716820988,27
1,IMG_9333.MOV,238,29.205246913580247,7.341434702932099,34
1,IMG_9333.MOV,239,29.205246913580247,7.239269868827161,23
1,IMG_9333.MOV,240,29.205246913580247,8.799405381944444,33
1,IMG_9333.MOV,241,29.205246913580247,9.55416087962963,22
1,IMG_9333.MOV,242,29.205246913580247,16.12254677854938,34
1,IMG_9333.MOV,243,29.205246913580247,25.67290268132716,34
1,IMG_9333.MOV,244,29.205246913580247,32.439601658950615,22
1,IMG_9333.MOV,245,29.205246913580247,34.03089554398148,36
1,IMG_9333.MOV,246,29.205246913580247,34.64408082561729,29
1,IMG_9333.MOV,247,29.205246913580247,32.68377314814815,37
1,IMG_9333.MOV,248,29.205246913580247,28.161795910493826,21
1,IMG_9333.MOV,249,29.205246913580247,23.88373505015432,24
1,IMG_9333.MOV,250,29.205246913580247,19.990003858024693,31
1,IMG_9333.MOV,251,29.205246913580247,16.409455054012344,24
1,IMG_9333.MOV,252,29.205246913580247,14.781405767746914,27
1,IMG_9333.MOV,253,29.205246913580247,13.45920669367284,34
1,IMG_9333.MOV,254,29.205246913580247,12.038481385030865,24
1,IMG_9333.MOV,255,29.205246913580247,11.000206886574073,35
1,IMG_9333.MOV,256,29.205246913580247,11.610326967592593,23
1,IMG_9333.MOV,257,29.205246913580247,12.198080150462962,24
1,IMG_9333.MOV,258,29.205246913580247,11.657334104938272,33
1,IMG_9333.MOV,259,29.205246913580247,11.943163097993827,37
1,IMG_9333.MOV,260,29.205246913580247,12.117736304012345,24
1,IMG_9333.MOV,261,29.205246913580247,11.671545138888888,27
1,IMG_9333.MOV,262,29.205246913580247,11.20928722993827,40
1,IMG_9333.MOV,263,29.205246913580247,10.663267746913581,41
1,IMG_9333.MOV,264,29.205246913580247,12.116697048611112,33
1,IMG_9333.MOV,265,29.205246913580247,15.1324609375,30
1,IMG_9333.MOV,266,29.205246913580247,23.08344039351852,28
1,IMG_9333.MOV,267,29.205246913580247,39.448684413580246,33
1,IMG_9333.MOV,268,29.205246913580247,43.51242959104938,33
1,IMG_9333.MOV,269,29.205246913580247,49.18813657407407,27
1,IMG_9333.MOV,270,29.205246913580247,53.019160397376545,21
1,IMG_9333.MOV,271,29.205246913580247,57.411203703703706,24
1,IMG_9333.MOV,272,29.205246913580247,68.90945167824074,41
1,IMG_9333.MOV,273,29.205246913580247,80.92308449074073,29
1,IMG_9333.MOV,274,29.205246913580247,86.41668547453703,31
1,IMG_9333.MOV,275,29.205246913580247,91.00570794753087,30
1,IMG_9333.MOV,276,29.205246913580247,92.17411313657408,37
1,IMG_9333.MOV,277,29.205246913580247,90.28950472608025,22
1,IMG_9333.MOV,278,29.205246913580247,85.7846551890432,22
1,IMG_9333.MOV,279,29.205246913580247,84.03573591820988,26
1,IMG_9333.MOV,280,29.205246913580247,80.20008487654322,31
1,IMG_9333.MOV,281,29.205246913580247,82.7590663580247,35
1,IMG_9333.MOV,282,29.205246913580247,88.88585503472223,31
1,IMG_9333.MOV,283,29.205246913580247,95.8898861882716,30
1,IMG_9333.MOV,284,29.205246913580247,100.97443576388889,40
1,IMG_9333.MOV,285,29.205246913580247,93.82631606867284,24
1,IMG_9333.MOV,286,29.205246913580247,87.50773244598766,33
1,IMG_9333.MOV,287,29.205246913580247,86.03500048225308,32
1,IMG_9333.MOV,288,29.205246913580247,83.75191454475309,30
1,IMG_9333.MOV,289,29.205246913580247,81.3347800925926,37
1,IMG_9333.MOV,290,29.205246913580247,82.89128472222222,26
1,IMG_9333.MOV,291,29.205246913580247,86.83989486882716,41
1,IMG_9333.MOV,292,29.205246913580247,109.85921875,27
1,IMG_9333.MOV,293,29.205246913580247,159.24150414737653,32
1,IMG_9333.MOV,294,29.205246913580247,181.8797159529321,31
1,IMG_9333.MOV,295,29.205246913580247,181.57535686728394,38
1,IMG_9333.MOV,296,29.205246913580247,182.2974898726852,30
1,IMG_9333.MOV,297,29.205246913580247,175.32467930169753,26
1,IMG_9333.MOV,298,29.205246913580247,163.2899045138889,21
1,IMG_9333.MOV,299,29.205246913580247,149.73488088348765,28
1,IMG_9333.MOV,300,29.205246913580247,139.2386574074074,38
1,IMG_9333.MOV,301,29.205246913580247,130.7225535300926,21
1,IMG_9333.MOV,302,29.205246913580247,126.80759693287037,39
1,IMG_9333.MOV,303,29.205246913580247,126.01011236496913,32
1,IMG_9333.MOV,304,29.205246913580247,128.55813753858024,23
1,IMG_9333.MOV,305,29.205246913580247,129.68239872685186,27
1,IMG_9333.MOV,306,29.205246913580247,131.09457947530865,32
1,IMG_9333.MOV,307,29.205246913580247,135.83547550154321,27
1,IMG_9333.MOV,308,29.205246913580247,140.79843991126543,23
1,IMG_9333.MOV,309,29.205246913580247,142.31104166666665,34
1,IMG_9333.MOV,310,29.205246913580247,144.68453800154322,35
1,IMG_9333.MOV,311,29.205246913580247,146.68980951003087,23
1,IMG_9333.MOV,312,29.205246913580247,147.35477478780865,26
1,IMG_9333.MOV,313,29.205246913580247,150.61442708333334,26
1,IMG_9333.MOV,314,29.205246913580247,149.95383535879628,34
1,IMG_9333.MOV,315,29.205246913580247,151.31205054012347,36
1,IMG_9333.MOV,316,29.205246913580247,152.83462866512346,36
1,IMG_9333.MOV,317,29.205246913580247,153.9356032986111,40
1,IMG_9333.MOV,318,29.205246913580247,154.9346305941358,37
1,IMG_9333.MOV,319,29.205246913580247,155.66389130015432,27
1,IMG_9333.MOV,320,29.205246913580247,157.07757426697532,23
1,IMG_9333.MOV,321,29.205246913580247,156.84267264660494,33
1,IMG_9333.MOV,322,29.205246913580247,155.1067505787037,40
1,IMG_9333.MOV,323,29.205246913580247,153.69146074459877,41
1,IMG_9333.MOV,324,29.205246913580247,152.78007282021605,25
1,IMG_9333.MOV,325,29.205246913580247,151.82820071373456,25
1,IMG_9333.MOV,326,29.205246913580247,151.2921238425926,21
1,IMG_9333.MOV,327,29.205246913580247,150.7902811535494,23
1,IMG_9333.MOV,328,29.205246913580247,151.14533227237655,32
1,IMG_9333.MOV,329,29.205246913580247,151.7734915123457,32
1,IMG_9333.MOV,330,29.205246913580247,152.79031153549383,28
1,IMG_9333.MOV,331,29.205246913580247,155.1171195023148,27
1,IMG_9333.MOV,332,29.205246913580247,156.98559268904322,38
1,IMG_9333.MOV,333,29.205246913580247,158.67295621141974,30
1,IMG_9333.MOV,334,29.205246913580247,165.82349585262347,37
1,IMG_9333.MOV,335,29.205246913580247,164.8907499035494,41
1,IMG_9333.MOV,336,29.205246913580247,164.23980275848766,27
1,IMG_9333.MOV,337,29.205246913580247,163.94936005015433,25
1,IMG_9333.MOV,338,29.205246913580247,163.03164592978396,41
1,IMG_9333.MOV,339,29.205246913580247,161.82018373842592,34
1,IMG_9333.MOV,340,29.205246913580247,163.9656819058642,27
1,IMG_9333.MOV,341,29.205246913580247,161.68402777777777,34
1,IMG_9333.MOV,342,29.205246913580247,162.77074363425925,31
1,IMG_9333.MOV,343,29.205246913580247,163.67665364583334,40
1,IMG_9333.MOV,344,29.205246913580247,165.11169560185186,26
1,IMG_9333.MOV,345,29.205246913580247,166.74588589891977,41
1,IMG_9333.MOV,346,29.205246913580247,168.43481626157407,40
1,IMG_9333.MOV,347,29.205246913580247,167.9865133101852,24
1,IMG_9333.MOV,348,29.205246913580247,167.06193479938273,24
1,IMG_9333.MOV,349,29.205246913580247,165.9050352044753,32
1,IMG_9333.MOV,350,29.205246913580247,163.78025414737655,21
1,IMG_9333.MOV,351,29.205246913580247,161.20185619212964,27
1,IMG_9333.MOV,352,29.205246913580247,164.99535783179013,30
1,IMG_9333.MOV,353,29.205246913580247,154.15732060185186,41
1,IMG_9333.MOV,354,29.205246913580247,158.22324363425926,41
1,IMG_9333.MOV,355,29.205246913580247,150.41404272762347,24
1,IMG_9333.MOV,356,29.205246913580247,151.2624995177469,39
1,IMG_9333.MOV,357,29.205246913580247,151.69910445601852,22
1,IMG_9333.MOV,358,29.205246913580247,152.01182629243826,36
1,IMG_9333.MOV,359,29.205246913580247,154.1017365933642,38
1,IMG_9333.MOV,360,29.205246913580247,155.70687403549383,39
1,IMG_9333.MOV,361,29.205246913580247,155.05819106867284,25
1,IMG_9333.MOV,362,29.205246913580247,155.2394396219136,39
1,IMG_9333.MOV,363,29.205246913580247,154.63196228780865,23
1,IMG_9333.MOV,364,29.205246913580247,154.08601466049382,31
1,IMG_9333.MOV,365,29.205246913580247,155.75483748070988,30
1,IMG_9333.MOV,366,29.205246913580247,155.6053660300926,27
1,IMG_9333.MOV,367,29.205246913580247,156.23856770833333,21
1,IMG_9333.MOV,368,29.205246913580247,156.99080488040124,37
1,IMG_9333.MOV,369,29.205246913580247,155.72130835262345,28
1,IMG_9333.MOV,370,29.205246913580247,156.38501639660493,34
1,IMG_9333.MOV,371,29.205246913580247,154.6280179398148,29
1,IMG_9333.MOV,372,29.205246913580247,155.01501977237655,28
1,IMG_9333.MOV,373,29.205246913580247,156.84540027006173,39
1,IMG_9333.MOV,374,29.205246913580247,156.72357445987655,22
1,IMG_9333.MOV,375,29.205246913580247,157.6957880015432,36
1,IMG_9333.MOV,376,29.205246913580247,158.0211540316358,36
1,IMG_9333.MOV,377,29.205246913580247,156.47266155478394,28
1,IMG_9333.MOV,378,29.205246913580247,152.49409288194445,26
1,IMG_9333.MOV,379,29.205246913580247,147.9691657021605,21
1,IMG_9333.MOV,380,29.205246913580247,142.59888599537038,40
1,IMG_9333.MOV,381,29.205246913580247,137.34257233796296,40
1,IMG_9333.MOV,382,29.205246913580247,133.2752372685185,26
1,IMG_9333.MOV,383,29.205246913580247,130.89577353395063,21
1,IMG_9333.MOV,384,29.205246913580247,128.36816550925926,23
1,IMG_9333.MOV,385,29.205246913580247,126.32891782407407,22
1,IMG_9333.MOV,386,29.205246913580247,124.6646662808642,38
1,IMG_9333.MOV,387,29.205246913580247,124.5124146412037,39
1,IMG_9333.MOV,388,29.205246913580247,124.14866415895062,24
1,IMG_9333.MOV,389,29.205246913580247,124.12538532021605,36
1,IMG_9333.MOV,390,29.205246913580247,124.00826630015432,24
1,IMG_9333.MOV,391,29.205246913580247,124.03362123842592,28
1,IMG_9333.MOV,392,29.205246913580247,123.30583622685185,33
1,IMG_9333.MOV,393,29.205246913580247,123.67973234953703,36
1,IMG_9333.MOV,394,29.205246913580247,123.55982349537037,39
1,IMG_9333.MOV,395,29.205246913580247,123.03290075231482,21
1,IMG_9333.MOV,396,29.205246913580247,122.97125868055555,25
1,IMG_9333.MOV,397,29.205246913580247,122.58891878858024,26
1,IMG_9333.MOV,398,29.205246913580247,123.11396412037037,27
1,IMG_9333.MOV,399,29.205246913580247,124.24378472222222,41
1,IMG_9333.MOV,400,29.205246913580247,125.13295572916667,37
1,IMG_9333.MOV,401,29.205246913580247,126.21809124228395,27
1,IMG_9333.MOV,402,29.205246913580247,126.9889236111111,41
1,IMG_9333.MOV,403,29.205246913580247,127.61166521990741,31
1,IMG_9333.MOV,404,29.205246913580247,128.31604697145062,31
1,IMG_9333.MOV,405,29.205246913580247,128.17485918209877,30
1,IMG_9333.MOV,406,29.205246913580247,128.86091772762344,24
1,IMG_9333.MOV,407,29.205246913580247,129.213889371142,40
1,IMG_9333.MOV,408,29.205246913580247,128.91762924382715,21
1,IMG_9333.MOV,409,29.205246913580247,128.25573736496915,24
1,IMG_9333.MOV,410,29.205246913580247,128.25217930169754,25
1,IMG_9333.MOV,411,29.205246913580247,127.7157706404321,26
1,IMG_9333.MOV,412,29.205246913580247,127.88458526234568,23
1,IMG_9333.MOV,413,29.205246913580247,127.90100646219136,21
1,IMG_9333.MOV,414,29.205246913580247,125.59982301311729,35
1,IMG_9333.MOV,415,29.205246913580247,123.90688078703704,41
1,IMG_9333.MOV,416,29.205246913580247,124.0925173611111,23
1,IMG_9333.MOV,417,29.205246913580247,121.32438753858025,27
1,IMG_9333.MOV,418,29.205246913580247,122.20540075231482,31
1,IMG_9333.MOV,419,29.205246913580247,122.89631992669753,40
1,IMG_9333.MOV,420,29.205246913580247,126.24203028549383,35
1,IMG_9333.MOV,421,29.205246913580247,131.1592148919753,37
1,IMG_9333.MOV,422,29.205246913580247,134.09487268518518,33
1,IMG_9333.MOV,423,29.205246913580247,135.5863594714506,29
1,IMG_9333.MOV,424,29.205246913580247,135.74375096450618,25
1,IMG_9333.MOV,425,29.205246913580247,136.2785083912037,39
1,IMG_9333.MOV,426,29.205246913580247,136.85795380015432,37
1,IMG_9333.MOV,427,29.205246913580247,137.2327097800926,21
1,IMG_9333.MOV,428,29.205246913580247,136.82290268132715,36
1,IMG_9333.MOV,429,29.205246913580247,135.94485001929013,22
1,IMG_9333.MOV,430,29.205246913580247,135.7027314814815,36
1,IMG_9333.MOV,431,29.205246913580247,135.94920621141975,38
1,IMG_9333.MOV,432,29.205246913580247,135.2594748263889,23
1,IMG_9333.MOV,433,29.205246913580247,135.08602092978396,30
1,IMG_9333.MOV,434,29.205246913580247,134.87483458719134,23
1,IMG_9333.MOV,435,29.205246913580247,134.13133101851852,32
1,IMG_9333.MOV,436,29.205246913580247,133.52230516975308,40
1,IMG_9333.MOV,437,29.205246913580247,132.8776851851852,22
1,IMG_9333.MOV,438,29.205246913580247,132.22673466435185,29
1,IMG_9333.MOV,439,29.205246913580247,131.72317660108024,41
1,IMG_9333.MOV,440,29.205246913580247,131.17233796296296,27
1,IMG_9333.MOV,441,29.205246913580247,130.9357634066358,23
1,IMG_9333.MOV,442,29.205246913580247,130.63587914737656,31
1,IMG_9333.MOV,443,29.205246913580247,130.83080922067901,31
1,IMG_9333.MOV,444,29.205246913580247,130.9785619212963,34
1,IMG_9333.MOV,445,29.205246913580247,131.1012745949074,27
1,IMG_9333.MOV,446,29.205246913580247,131.20642361111112,41
1,IMG_9333.MOV,447,29.205246913580247,130.41830343364197,31
1,IMG_9333.MOV,448,29.205246913580247,129.6045380015432,27
1,IMG_9333.MOV,449,29.205246913580247,128.14197579089506,41
1,IMG_9333.MOV,450,29.205246913580247,126.41654899691358,40
1,IMG_9333.MOV,451,29.205246913580247,124.3580825617284,31
1,IMG_9333.MOV,452,29.205246913580247,122.41601032021605,21
1,IMG_9333.MOV,453,29.205246913580247,119.92654369212963,33
1,IMG_9333.MOV,454,29.205246913580247,118.09530478395062,32
1,IMG_9333.MOV,455,29.205246913580247,117.35792631172839,24
1,IMG_9333.MOV,456,29.205246913580247,117.53437934027778,34
1,IMG_9333.MOV,457,29.205246913580247,117.41604600694444,38
1,IMG_9333.MOV,458,29.205246913580247,117.09482735339506,23
1,IMG_9333.MOV,459,29.205246913580247,118.88854214891975,36
1,IMG_9333.MOV,460,29.205246913580247,121.71774980709877,23
1,IMG_9333.MOV,461,29.205246913580247,124.92674479166666,36
1,IMG_9333.MOV,462,29.205246913580247,128.6820703125,29
1,IMG_9333.MOV,463,29.205246913580247,128.85100742669752,21
1,IMG_9333.MOV,464,29.205246913580247,127.91892843364198,41
1,IMG_9333.MOV,465,29.205246913580247,128.51073784722223,24
1,IMG_9333.MOV,466,29.205246913580247,128.2002160493827,33
1,IMG_9333.MOV,467,29.205246913580247,127.84859182098765,24
1,IMG_9333.MOV,468,29.205246913580247,128.3112707368827,40
1,IMG_9333.MOV,469,29.205246913580247,129.4003023726852,36
1,IMG_9333.MOV,470,29.205246913580247,131.00557050540124,37
1,IMG_9333.MOV,471,29.205246913580247,132.46665605709876,30
1,IMG_9333.MOV,472,29.205246913580247,133.87976851851852,30
1,IMG_9333.MOV,473,29.205246913580247,135.0730512152778,34
1,IMG_9333.MOV,474,29.205246913580247,136.0439453125,37
1,IMG_9333.MOV,475,29.205246913580247,136.91011236496914,38
1,IMG_9333.MOV,476,29.205246913580247,137.20051601080246,21
1,IMG_9333.MOV,477,29.205246913580247,137.14092399691359,34
1,IMG_9333.MOV,478,29.205246913580247,137.69039592978396,23
1,IMG_9333.MOV,479,29.205246913580247,137.65084442515433,27
1,IMG_9333.MOV,480,29.205246913580247,139.11135464891976,38
1,IMG_9333.MOV,481,29.205246913580247,139.78411892361112,26
1,IMG_9333.MOV,482,29.205246913580247,140.73949411651233,37
1,IMG_9333.MOV,483,29.205246913580247,140.9853153935185,30
1,IMG_9333.MOV,484,29.205246913580247,141.0871199845679,25
1,IMG_9333.MOV,485,29.205246913580247,141.53720630787038,28
1,IMG_9333.MOV,486,29.205246913580247,141.39000578703704,32
1,IMG_9333.MOV,487,29.205246913580247,141.4916121720679,37
1,IMG_9333.MOV,488,29.205246913580247,142.1078486689815,33
1,IMG_9333.MOV,489,29.205246913580247,141.97896412037036,40
1,IMG_9333.MOV,490,29.205246913580247,142.35575472608025,39
1,IMG_9333.MOV,491,29.205246913580247,142.48845003858025,36
1,IMG_9333.MOV,492,29.205246913580247,142.35375241126542,33
1,IMG_9333.MOV,493,29.205246913580247,141.86993875385804,27
1,IMG_9333.MOV,494,29.205246913580247,141.16494791666668,29
1,IMG_9333.MOV,495,29.205246913580247,140.22086082175926,23
1,IMG_9333.MOV,496,29.205246913580247,139.06841435185186,28
1,IMG_9333.MOV,497,29.205246913580247,137.3646590470679,40
1,IMG_9333.MOV,498,29.205246913580247,138.8568923611111,29
1,IMG_9333.MOV,499,29.205246913580247,139.17479504243826,23
1,IMG_9333.MOV,500,29.205246913580247,139.38672067901234,34
1,IMG_9333.MOV,501,29.205246913580247,139.70140190972222,41
1,IMG_9333.MOV,502,29.205246913580247,138.52230275848765,39
1,IMG_9333.MOV,503,29.205246913580247,138.6353978587963,26
1,IMG_9333.MOV,504,29.205246913580247,141.20829764660493,30
1,IMG_9333.MOV,505,29.205246913580247,141.69130449459877,32
1,IMG_9333.MOV,506,29.205246913580247,140.72636477623456,26
1,IMG_9333.MOV,507,29.205246913580247,144.14264660493828,26
1,IMG_9333.MOV,508,29.205246913580247,145.07401813271605,25
1,IMG_9333.MOV,509,29.205246913580247,146.42707127700618,41
1,IMG_9333.MOV,510,29.205246913580247,149.29282841435185,36
1,IMG_9333.MOV,511,29.205246913580247,145.49814091435186,38
1,IMG_9333.MOV,512,29.205246913580247,144.84047839506172,38
1,IMG_9333.MOV,513,29.205246913580247,144.1046802662037,41
1,IMG_9333.MOV,514,29.205246913580247,143.9364597800926,23
1,IMG_9333.MOV,515,29.205246913580247,142.49945071373457,39
1,IMG_9333.MOV,516,29.205246913580247,141.5389708719136,22
1,IMG_9333.MOV,517,29.205246913580247,141.808342496142,30
1,IMG_9333.MOV,518,29.205246913580247,141.48550877700617,33
1,IMG_9333.MOV,519,29.205246913580247,141.33271604938273,28
1,IMG_9333.MOV,520,29.205246913580247,141.4118180941358,24
1,IMG_9333.MOV,521,29.205246913580247,141.45325906635802,25
1,IMG_9333.MOV,522,29.205246913580247,141.48493344907408,38
1,IMG_9333.MOV,523,29.205246913580247,141.56592544367285,27
1,IMG_9333.MOV,524,29.205246913580247,141.34002941743827,27
1,IMG_9333.MOV,525,29.205246913580247,140.89937210648148,40
1,IMG_9333.MOV,526,29.205246913580247,140.57276427469137,24
1,IMG_9333.MOV,527,29.205246913580247,140.5047762345679,40
1,IMG_9333.MOV,528,29.205246913580247,140.26074315200617,40
1,IMG_9333.MOV,529,29.205246913580247,139.70265094521605,33
1,IMG_9333.MOV,530,29.205246913580247,139.66705825617285,24
1,IMG_9333.MOV,531,29.205246913580247,138.77244502314815,24
1,IMG_9333.MOV,532,29.205246913580247,138.26019965277777,26
1,IMG_9333.MOV,533,29.205246913580247,137.57366753472223,33
1,IMG_9333.MOV,534,29.205246913580247,136.1745992476852,24
1,IMG_9333.MOV,535,29.205246913580247,133.45987413194445,30
1,IMG_9333.MOV,536,29.205246913580247,127.70542920524692,23
1,IMG_9333.MOV,537,29.205246913580247,121.15954089506172,32
1,IMG_9333.MOV,538,29.205246913580247,116.12156491126544,21
1,IMG_9333.MOV,539,29.205246913580247,117.05215760030865,35
1,IMG_9333.MOV,540,29.205246913580247,118.68298128858025,22
1,IMG_9333.MOV,541,29.205246913580247,121.31139853395062,25
1,IMG_9333.MOV,542,29.205246913580247,122.38328896604938,24
1,IMG_9333.MOV,543,29.205246913580247,125.81383053626543,38
1,IMG_9333.MOV,544,29.205246913580247,129.62903211805556,22
1,IMG_9333.MOV,545,29.205246913580247,132.8831221064815,30
1,IMG_9333.MOV,546,29.205246913580247,134.66278211805556,33
1,IMG_9333.MOV,547,29.205246913580247,135.04796682098765,31
1,IMG_9333.MOV,548,29.205246913580247,135.80900221836418,35
1,IMG_9333.MOV,549,29.205246913580247,135.78548466435186,37
1,IMG_9333.MOV,550,29.205246913580247,136.5565948109568,29
1,IMG_9333.MOV,551,29.205246913580247,137.29648678626543,38
1,IMG_9333.MOV,552,29.205246913580247,136.34392216435185,27
1,IMG_9333.MOV,553,29.205246913580247,137.19939043209877,41
1,IMG_9333.MOV,554,29.205246913580247,137.2819425154321,31
1,IMG_9333.MOV,555,29.205246913580247,137.57587577160493,36
1,IMG_9333.MOV,556,29.205246913580247,138.36510850694444,39
1,IMG_9333.MOV,557,29.205246913580247,138.4645061728395,37
1,IMG_9333.MOV,558,29.205246913580247,138.7445341435185,38
1,IMG_9333.MOV,559,29.205246913580247,139.10279417438272,32
1,IMG_9333.MOV,560,29.205246913580247,139.2594574652778,21
1,IMG_9333.MOV,561,29.205246913580247,139.15770158179012,31
1,IMG_9333.MOV,562,29.205246913580247,139.1590596064815,24
1,IMG_9333.MOV,563,29.205246913580247,139.29173466435185,39
1,IMG_9333.MOV,564,29.205246913580247,139.17538049768518,25
1,IMG_9333.MOV,565,29.205246913580247,139.2330285493827,25
1,IMG_9333.MOV,566,29.205246913580247,139.2043721064815,26
1,IMG_9333.MOV,567,29.205246913580247,139.47667100694446,34
1,IMG_9333.MOV,568,29.205246913580247,139.74620129243826,32
1,IMG_9333.MOV,569,29.205246913580247,139.85914641203703,40
1,IMG_9333.MOV,570,29.205246913580247,140.46936197916668,29
1,IMG_9333.MOV,571,29.205246913580247,141.13707899305555,26
1,IMG_9333.MOV,572,29.205246913580247,142.4487355324074,22
1,IMG_9333.MOV,573,29.205246913580247,144.2635725308642,21
1,IMG_9333.MOV,574,29.205246913580247,145.71691165123457,28
1,IMG_9333.MOV,575,29.205246913580247,147.01595052083334,40
1,IMG_9333.MOV,576,29.205246913580247,149.3384447337963,31
1,IMG_9333.MOV,577,29.205246913580247,152.45105709876543,39
1,IMG_9333.MOV,578,29.205246913580247,155.0148900462963,23
1,IMG_9333.MOV,579,29.205246913580247,156.12149594907407,22
1,IMG_9333.MOV,580,29.205246913580247,159.01055555555556,38
1,IMG_9333.MOV,581,29.205246913580247,157.90421344521604,23
1,IMG_9333.MOV,582,29.205246913580247,158.38361255787038,22
1,IMG_9333.MOV,583,29.205246913580247,157.02640480324075,29
1,IMG_9333.MOV,584,29.205246913580247,155.8645664544753,40
1,IMG_9333.MOV,585,29.205246913580247,153.78885368441357,35
1,IMG_9333.MOV,586,29.205246913580247,152.93154803240742,23
1,IMG_9333.MOV,587,29.205246913580247,152.49598138503086,38
1,IMG_9333.MOV,588,29.205246913580247,152.3903231095679,38
1,IMG_9333.MOV,589,29.205246913580247,152.31145833333332,37
1,IMG_9333.MOV,590,29.205246913580247,152.60957272376544,39
1,IMG_9333.MOV,591,29.205246913580247,152.88759789737654,26
1,IMG_9333.MOV,592,29.205246913580247,153.25202883873456,41
1,IMG_9333.MOV,593,29.205246913580247,153.4479827353395,27
1,IMG_9333.MOV,594,29.205246913580247,153.6654118441358,37
1,IMG_9333.MOV,595,29.205246913580247,153.57535638503086,33
1,IMG_9333.MOV,596,29.205246913580247,153.4721870177469,37
1,IMG_9333.MOV,597,29.205246913580247,153.68639998070987,34
1,IMG_9333.MOV,598,29.205246913580247,153.5159379822531,34
1,IMG_9333.MOV,599,29.205246913580247,153.10453366126544,33
1,IMG_9333.MOV,600,29.205246913580247,152.77938078703704,37
1,IMG_9333.MOV,601,29.205246913580247,152.32161458333334,36
1,IMG_9333.MOV,602,29.205246913580247,151.8255791859568,23
1,IMG_9333.MOV,603,29.205246913580247,151.47580680941357,38
1,IMG_9333.MOV,604,29.205246913580247,151.15635754243826,32
1,IMG_9333.MOV,605,29.205246913580247,150.35017264660493,27
1,IMG_9333.MOV,606,29.205246913580247,149.7679716435185,31
1,IMG_9333.MOV,607,29.205246913580247,149.89646460262347,41
1,IMG_9333.MOV,608,29.205246913580247,150.4591189236111,39
1,IMG_9333.MOV,609,29.205246913580247,150.02234375,38
1,IMG_9333.MOV,610,29.205246913580247,149.35197337962964,30
1,IMG_9333.MOV,611,29.205246913580247,148.53066792052468,37
1,IMG_9333.MOV,612,29.205246913580247,146.1275925925926,29
1,IMG_9333.MOV,613,29.205246913580247,147.75772955246913,35
1,IMG_9333.MOV,614,29.205246913580247,148.6335218942901,34
1,IMG_9333.MOV,615,29.205246913580247,145.4551210455247,26
1,IMG_9333.MOV,616,29.205246913580247,136.32135609567902,26
1,IMG_9333.MOV,617,29.205246913580247,125.22911072530864,22
1,IMG_9333.MOV,618,29.205246913580247,114.14607349537037,23
1,IMG_9333.MOV,619,29.205246913580247,111.08565152391975,30
1,IMG_9333.MOV,620,29.205246913580247,111.00947241512345,31
1,IMG_9333.MOV,621,29.205246913580247,125.41282793209876,24
1,IMG_9333.MOV,622,29.205246913580247,125.1720842978395,29
1,IMG_9333.MOV,623,29.205246913580247,142.85149402006172,33
1,IMG_9333.MOV,624,29.205246913580247,132.3347583912037,25
1,IMG_9333.MOV,625,29.205246913580247,101.07091386959877,28
1,IMG_9333.MOV,626,29.205246913580247,8.198302469135803e-06,28
1,IMG_9333.MOV,627,29.205246913580247,17.54582175925926,31
1,IMG_9333.MOV,628,29.205246913580247,30.51846402391975,28
1,IMG_9333.MOV,629,29.205246913580247,0.11440152391975308,36
1,IMG_9333.MOV,630,29.205246913580247,0.01443528163580247,27
1,IMG_9333.MOV,631,29.205246913580247,0.019447820216049384,30
1,IMG_9333.MOV,632,29.205246913580247,0.00505931712962963,28
1,IMG_9333.MOV,633,29.205246913580247,0.02896412037037037,24
1,IMG_9333.MOV,634,29.205246913580247,0.002521219135802469,35
1,IMG_9333.MOV,635,29.205246913580247,0.04046344521604938,25
1,IMG_9333.MOV,636,29.205246913580247,0.062058256172839506,27
1,IMG_9333.MOV,637,29.205246913580247,0.7649180169753086,37
1,IMG_9333.MOV,638,29.205246913580247,1.0936887538580247,40
1,IMG_9333.MOV,639,29.205246913580247,1.7269521604938272,35
1,IMG_9333.MOV,640,29.205246913580247,1.531451099537037,40
1,IMG_9333.MOV,641,29.205246913580247,1.2004292052469137,38
1,IMG_9333.MOV,642,29.205246913580247,1.0933092206790123,31
1,IMG_9333.MOV,643,29.205246913580247,0.7423485725308642,37
1,IMG_9333.MOV,644,29.205246913580247,0.44849537037037035,27
1,IMG_9333.MOV,645,29.205246913580247,0.35019868827160494,30
1,IMG_9333.MOV,646,29.205246913580247,0.2825477430555556,32
1,IMG_9333.MOV,647,29.205246913580247,0.3619868827160494,41
1,IMG_9333.MOV,648,29.205246913580247,0.6657228973765432,38
1,IMG_9333.MOV,649,29.205246913580247,0.987737750771605,31
1,IMG_9333.MOV,650,29.205246913580247,1.7807079475308643,34
1,IMG_9333.MOV,651,29.205246913580247,23.577990933641974,25
1,IMG_9333.MOV,652,29.205246913580247,95.7499575617284,37
1,IMG_9333.MOV,653,29.205246913580247,178.86538869598766,32
1,IMG_9333.MOV,654,29.205246913580247,186.0814597800926,32
1,IMG_9333.MOV,655,29.205246913580247,177.21448929398147,37
1,IMG_9333.MOV,656,29.205246913580247,161.8646981095679,34
1,IMG_9333.MOV,657,29.205246913580247,139.83279031635803,22
1,IMG_9333.MOV,658,29.205246913580247,140.5036299189815,27
1,IMG_9333.MOV,659,29.205246913580247,139.9504682677469,24
1,IMG_9333.MOV,660,29.205246913580247,147.3027266589506,36
1,IMG_9333.MOV,661,29.205246913580247,161.53618103780863,21
1,IMG_9333.MOV,662,29.205246913580247,163.09012201003085,25
1,IMG_9333.MOV,663,29.205246913580247,152.0841584683642,33
1,IMG_9333.MOV,664,29.205246913580247,137.1266049382716,35
1,IMG_9333.MOV,665,29.205246913580247,128.98040461033952,31
1,IMG_9333.MOV,666,29.205246913580247,127.8139631558642,39
1,IMG_9333.MOV,667,29.205246913580247,127.32289592978395,40
1,IMG_9333.MOV,668,29.205246913580247,126.66278549382716,23
1,IMG_9333.MOV,669,29.205246913580247,128.09710792824075,41
1,IMG_9333.MOV,670,29.205246913580247,129.56589265046296,33
1,IMG_9333.MOV,671,29.205246913580247,127.07730324074075,34
1,IMG_9333.MOV,672,29.205246913580247,123.51221161265433,22
1,IMG_9333.MOV,673,29.205246913580247,119.65658998842592,34
1,IMG_9333.MOV,674,29.205246913580247,124.46457127700617,36
1,IMG_9333.MOV,675,29.205246913580247,128.03575810185185,33
1,IMG_9333.MOV,676,29.205246913580247,131.5182527970679,22
1,IMG_9333.MOV,677,29.205246913580247,130.06945698302468,31
1,IMG_9333.MOV,678,29.205246913580247,127.60295621141975,40
1,IMG_9333.MOV,679,29.205246913580247,126.38215326003086,36
1,IMG_9333.MOV,680,29.205246913580247,126.03440538194444,23
1,IMG_9333.MOV,681,29.205246913580247,125.35696566358024,41
1,IMG_9333.MOV,682,29.205246913580247,123.63109809027777,41
1,IMG_9333.MOV,683,29.205246913580247,126.16211516203704,24
1,IMG_9333.MOV,684,29.205246913580247,126.58210358796296,37
1,IMG_9333.MOV,685,29.205246913580247,127.12764612268519,29
1,IMG_9333.MOV,686,29.205246913580247,126.15839361496914,33
1,IMG_9333.MOV,687,29.205246913580247,125.12431712962963,30
1,IMG_9333.MOV,688,29.205246913580247,126.19983362268519,37
1,IMG_9333.MOV,689,29.205246913580247,125.68480179398148,41
1,IMG_9333.MOV,690,29.205246913580247,122.59734953703703,37
1,IMG_9333.MOV,691,29.205246913580247,119.52703317901235,40
1,IMG_9333.MOV,692,29.205246913580247,117.91738811728395,40
1,IMG_9333.MOV,693,29.205246913580247,115.25327160493828,22
1,IMG_9333.MOV,694,29.205246913580247,115.52872636959877,26
1,IMG_9333.MOV,695,29.205246913580247,120.0656819058642,36
1,IMG_9333.MOV,696,29.205246913580247,127.15131221064814,33
1,IMG_9333.MOV,697,29.205246913580247,129.2759659529321,22
1,IMG_9333.MOV,698,29.205246913580247,125.88966676311729,22
1,IMG_9333.MOV,699,29.205246913580247,123.16556423611111,31
1,IMG_9333.MOV,700,29.205246913580247,123.32955488040123,33
1,IMG_9333.MOV,701,29.205246913580247,122.79345775462963,24
1,IMG_9333.MOV,702,29.205246913580247,123.2312003279321,24
1,IMG_9333.MOV,703,29.205246913580247,125.31108844521604,23
1,IMG_9333.MOV,704,29.205246913580247,127.78473427854938,32
1,IMG_9333.MOV,705,29.205246913580247,126.62648823302469,21
1,IMG_9333.MOV,706,29.205246913580247,125.74065248842592,33
1,IMG_9333.MOV,707,29.205246913580247,125.02108121141976,30
1,IMG_9333.MOV,708,29.205246913580247,124.07804108796296,30
1,IMG_9333.MOV,709,29.205246913580247,113.43423466435185,35
1,IMG_9333.MOV,710,29.205246913580247,93.39836564429012,31
1,IMG_9333.MOV,711,29.205246913580247,84.77619405864198,36
1,IMG_9333.MOV,712,29.205246913580247,103.0972405478395,37
1,IMG_9333.MOV,713,29.205246913580247,109.0168889853395,40
1,IMG_9333.MOV,714,29.205246913580247,108.79553192515432,37
1,IMG_9333.MOV,715,29.205246913580247,113.16856047453703,31
1,IMG_9333.MOV,716,29.205246913580247,117.31655140817901,31
1,IMG_9333.MOV,717,29.205246913580247,118.91162567515433,25
1,IMG_9333.MOV,718,29.205246913580247,120.96988908179013,33
1,IMG_9333.MOV,719,29.205246913580247,122.43980999228395,23
1,IMG_9333.MOV,720,29.205246913580247,124.05108410493827,40
1,IMG_9333.MOV,721,29.205246913580247,127.69925154320988,38
1,IMG_9333.MOV,722,29.205246913580247,136.6589130015432,23
1,IMG_9333.MOV,723,29.205246913580247,140.59531539351852,37
1,IMG_9333.MOV,724,29.205246913580247,140.2137321566358,23
1,IMG_9333.MOV,725,29.205246913580247,137.87591435185186,36
1,IMG_9333.MOV,726,29.205246913580247,131.57754388503088,22
1,IMG_9333.MOV,727,29.205246913580247,119.29993537808642,31
1,IMG_9333.MOV,728,29.205246913580247,111.054140625,34
1,IMG_9333.MOV,729,29.205246913580247,118.0988459683642,36
1,IMG_9333.MOV,730,29.205246913580247,146.1813213734568,29
1,IMG_9333.MOV,731,29.205246913580247,173.90940055941357,40
1,IMG_9333.MOV,732,29.205246913580247,182.94841676311728,37
1,IMG_9333.MOV,733,29.205246913580247,178.90529369212962,25
1,IMG_9333.MOV,734,29.205246913580247,169.24954619984567,35
1,IMG_9333.MOV,735,29.205246913580247,163.05184413580247,36
1,IMG_9333.MOV,736,29.205246913580247,162.3532349537037,28
1,IMG_9333.MOV,737,29.205246913580247,158.67515914351853,36
1,IMG_9333.MOV,738,29.205246913580247,161.34759741512346,39
1,IMG_9333.MOV,739,29.205246913580247,164.02713927469136,38
1,IMG_9333.MOV,740,29.205246913580247,164.48944733796296,37
1,IMG_9333.MOV,741,29.205246913580247,163.98840856481482,34
1,IMG_9333.MOV,742,29.205246913580247,161.48523341049383,26
1,IMG_9333.MOV,743,29.205246913580247,157.26833236882717,37
1,IMG_9333.MOV,744,29.205246913580247,154.43991560570987,28
1,IMG_9333.MOV,745,29.205246913580247,153.6062258873457,32
1,IMG_9333.MOV,746,29.205246913580247,158.4587745949074,27
1,IMG_9333.MOV,747,29.205246913580247,155.8188570601852,27
1,IMG_9333.MOV,748,29.205246913580247,152.17141251929013,24
1,IMG_9333.MOV,749,29.205246913580247,143.95451051311727,41
1,IMG_9333.MOV,750,29.205246913580247,137.67046440972223,24
1,IMG_9333.MOV,751,29.205246913580247,137.9361540316358,22
1,IMG_9333.MOV,752,29.205246913580247,143.10725405092592,40
1,IMG_9333.MOV,753,29.205246913580247,145.23499517746913,32
1,IMG_9333.MOV,754,29.205246913580247,141.29124903549382,30
1,IMG_9333.MOV,755,29.205246913580247,132.56734230324074,36
1,IMG_9333.MOV,756,29.205246913580247,124.53176649305556,29
